{
    "Phigolf" : {
        "menu_1"        : "Overview",
        "menu_2"        : "Features",
        "menu_3"        : "Support",
        "menu_4"        : "Store",
        "row_text"      : "아래로 스크롤"
    }, 

    "Overview" : {
        "title_1"       : "느낄 수 없는 가벼움 9.8gram,\n 스윙에 전혀 방해가 되지 않습니다.",
        "text_1"        : "파이골프의 센서 디바이스 무게는\n 골프공의 1/5 보다 가볍습니다.\n 스윙, 퍼팅에 방해되지 않게\n 초경량으로 제작하였습니다.",
        "title_2"       : "언제 어디서나 즐길 수 있는 파이골프",
        "text_2"        : "우산만 들면 자신도 모르게 스윙 준비를 하고 있나요?\n 거울 앞에서 자연스럽게 어드레스 자세를 잡은 적 있나요?\n 파이골프만 있으면 언제 어디서나 나만의 필드를 열 수 있습니다.",
        "title_3_big"   : "완벽한 스윙분석",
        "title_3"       : "나쁜 스윙 습관은 혼자 고치기 쉽지 않습니다.",
        "text_3"        : "바른 스윙을 배우셨다고 해도\n 코칭없이 라운딩하면 본의 아니게 안 좋은 스윙을 하게 됩니다.\n 사용자의 스윙과 퍼팅을 완벽하게 분석하여\n 당신의 코치가 되어 드립니다.",
        "title_4"       : "멀티 플랫폼 골프의 탄생",
        "text_4"        : "안드로이드 스마트 폰이나 태블릿 PC에서\n 애플 아이폰이나 아이패드에서 모두 사용할 수 있습니다.\n 간단한 케이블 연결이나 IPTV에 제공되는 앱을 통해\n 스마트 TV나 모니터의 큰 화면에서 즐길 수도 있습니다.",
        "divider_text"  : "언제나, 어디서나 골프를 즐기세요"
    },

    "Features" : [
        {
            "menu": "분석",
            "title_1": "어떠한 스윙에도 정확한 분석",
            "text_1" : "파이골프는 \n 헤드스피드, 스윙패스, 템포, 페이스 앵글, 어택 앵글\n 그리고 예상 비거리 까지\n 스윙 코치에 필요한 모든 데이터를 분석하여\n 알기 쉬운 3D 비주얼로 보여 줍니다.",
            "title_2": "파이골프 만의 퍼팅라인 분석",
            "text_2" : "당신이 퍼팅했던 모습 그대로 라인이 그려집니다. \n 파이골프만의 유일한 퍼팅라인을 통해서 공을 똑바로 보내는 방법을 익히고 \n 일관성을 높이는 퍼팅 연습을 시도해 보세요."
        },
        {   
            "menu": "게임플레이",
            "main_title": "다양한 메뉴를 통해 원하는 게임 방식으로 골프를 즐길 수 있습니다.",
            "title_1": "스트로크 게임",
            "text_1": "실제 골프장과 동일한 18홀 골프코스에서\n 친구 또는 가족과 실력을 겨루어 보세요.\n 시간이 없다면 3홀 라운드를,\n 친구가 많다면 4명의 플레이어로\n 즐거운 라운딩을 시작할 수 있습니다.",
            "title_2": "연습장 모드",
            "text_2": "연습장모드에서는\n 사용자가 원하는 거리, 원하는 클럽으로\n 스윙이나 퍼팅을 마음껏 연습할 수 있습니다.",
            "title_3": "니어리스트 모드",
            "text_3": "니어리스트는 볼을\n 홀에 가장 가깝게 붙이는 사람이 이기는 경기방식 입니다.\n 참여인원과 스윙횟수는 무제한이니 마음껏 도전해 보세요.",
            "title_4" : "온라인 멀티게임",
            "text_4": "전세계 유저들과 실력을 겨룰 수 있는 기회\n 지금 누려보세요.\n 대전 목록에서 경기를 선택하거나\n 친구들과 대전 방을 만들어 온라인 상에서 함께\n 라운딩을 즐길 수 있습니다."
        },
        {
            "menu": "스펙",
            "title_1": "센서 단말기 정보",
            "sensor_spec" : [
                {
                    "title": "제품명 / 모델",
                    "description": "PHI GOLF / PHG-100"
                },
                {
                    "title": "제품 구성",
                    "description": "본체, 마이크로 USB 케이블, 퀵매뉴얼, 파우치"
                },
                {
                    "title": "소재",
                    "description": "ABS 플라스틱, 니켈, 크롬"
                },
                {
                    "title": "Color",
                    "description": "블랙"
                },
                {
                    "title": "배터리",
                    "description": "리튬 폴리머 100mAh"
                },
                {
                    "title": "배터리 수명",
                    "description": "7 시간"
                },
                {
                    "title": "완충 시간",
                    "description": "1.5 시간"
                },
                {
                    "title": "센서",
                    "description": "9-Axis"
                },
                {
                    "title": "블루투스",
                    "description": "4.1"
                },
                {
                    "title": "인식 거리",
                    "description": "10m 내외"
                },
                {
                    "title": "어플리케이션 OS",
                    "description": "iOS 9.0+ / Android 5.0+"
                },
                {
                    "title": "크기 / 무게",
                    "description": "30X30X44(mm) / 10g"
                }
            ],
            "title_2": "어플리케이션 상세정보",
            "app_spec" : [
                {
                    "title": "게임모드",
                    "description": "스트로크 게임, 연습장(Driving Range), 니어리스트 게임, 온라인 멀티게임, 어프로치 게임(준비중), 퍼팅게임(준비중)"
                },
                {
                    "title": "골프코스 맵",
                    "description": "3가지 3D 풀 매핑 시뮬레이션 코스 (추가 코스  업데이트 예정)"
                },
                {
                    "title": "3D 스윙 분석",
                    "description": "헤드스피드 / 스윙템포 / 거리 / 스윙 패스 / 페이스앵글 / 어택앵글"
                },
                {
                    "title": "퍼팅 분석",
                    "description": "헤드스피드 / 스윙템포 / 스윙패스 / 거리 / 오픈앵글 / 어택앵글"
                },
                {
                    "title": "플레이어 수",
                    "description": "최대 4명"
                },
                {
                    "title": "디스플레이 정보",
                    "description": "홀 정보 / 파 정보 / 거리 안내 / 그린경사도 / 미니맵 / 바람 방향 및 속도"
                },
                {
                    "title": "스코어보드, 리더보드",
                    "description": "3 / 6 / 9 / 18 홀 스코어 카드 및 랭킹"
                },
                {
                    "title": "클럽선택",
                    "description": "다양한 클럽 선택 가능 (드라이버 / 아이언 / 웻지 / 퍼터) or 거리에 따른 자동 클럽 선택 모드"
                },
                {
                    "title": "옵션",
                    "description": "사운드 / 리플레이 / 거리 단위 선택 / 멀리건 설정 등"
                }
            ]
        }
    ],
    "Support": [
        {
            "menu": "매뉴얼",
            "main_text": "작은 장치라고 가볍게 생각하셨다면 그 생각이 맞습니다. \n 전용 드라이버를 설치하지 않아도 되고 별도의 플러그인도 필요 없습니다. \n 파이골프 앱만 설치한다면 바로 사용할 수 있는 작고 가벼운 제품 입니다. \n",
            "sub_text_1": "클럽(연습봉) 홀에 센서 디바이스를 장착하세요.",
            "sub_text_2": "스마트 기기의 블루투스를 켜고 센서 디바이스와 연결합니다.",
            "sub_text_3": "스마트 기기의 앱으로 다양한 골프를 즐겨보세요.",
            "quick_manual_btn": "퀵 매뉴얼 보기",
            "user_manual_btn": "상세 매뉴얼 보기"
        },
        {   
            "menu": "다운로드",
            "main_text": "파이골프 앱을 설치하면 실제 골프코스에서 \n 라운딩 플레이, 스윙과 퍼팅 분석, \n 온라인 멀티 플레이까지 \n 모든 것을 무료로 즐길 수 있습니다."
        },
        {
            "menu": "고객센터",
            "main_text": "빠른 시간 안에 답변 드리도록 하겠습니다.",
            "form" : {
                "question_type": "문의항목",
                "question_values": [
                    
                ],
                "customer_name": "고객명",
                "contact": "연락처",
                "email": "이메일",
                "question_title": "제목",
                "question_text": "내용",
                "button": "등록하기"
            }
        }
    ],
    "Store" : {
        "title": "다양한 온,오프라인 샵에서 파이골프를 만나실 수 있습니다."
    },
    "Footer" : {
        "introduce": "회사소개",
        "terms": "이용약관",
        "privacy": "개인정보 취급방침",
        "address" : "(주)파이네트웍스 \n 대표전화 : 070-7019-9017 \n 주소 : 서울시 구로구 구로동 222-31 지플러스코오롱디지털타워 1709호 \n 메일 : info.phigolf@gmail.com"
    },
    "Mobile" : {
        "download": "앱 다운로드"
    }
}